{
    "problem": {
        "name": "ising",
        "random_seed": 50
    },
    "algorithm": {
        "name": "VQE",
        "operator_mode": "matrix"
    },
    "optimizer": {
        "name": "COBYLA",
        "maxiter": 25000
    },
    "variational_form": {
        "name": "RYRZ",
        "depth": 3,
        "entanglement": "full"
    },
    "backend": {
        "provider": "qiskit.BasicAer",
        "name": "statevector_simulator"
    },
    "input": {
        "aux_ops": [],
        "name": "EnergyInput",
        "qubit_op": {
            "paulis": [
                {
                    "coeff": {
                        "imag": 0.0,
                        "real": -0.24403472627604428
                    },
                    "label": "IIIZ"
                },
                {
                    "coeff": {
                        "imag": 0.0,
                        "real": 0.3881691708820725
                    },
                    "label": "IIZI"
                },
                {
                    "coeff": {
                        "imag": 0.0,
                        "real": 1.9473142336529263
                    },
                    "label": "IIZZ"
                },
                {
                    "coeff": {
                        "imag": 0.0,
                        "real": -0.2667811512679368
                    },
                    "label": "IZII"
                },
                {
                    "coeff": {
                        "imag": 0.0,
                        "real": 2.3988667437794624
                    },
                    "label": "IZIZ"
                },
                {
                    "coeff": {
                        "imag": 0.0,
                        "real": 1.8728983411674296
                    },
                    "label": "IZZI"
                },
                {
                    "coeff": {
                        "imag": 0.0,
                        "real": -4.440892098500626e-16
                    },
                    "label": "IZZZ"
                },
                {
                    "coeff": {
                        "imag": 0.0,
                        "real": 0.3158601888295829
                    },
                    "label": "ZIII"
                },
                {
                    "coeff": {
                        "imag": 0.0,
                        "real": 1.8821687969396752
                    },
                    "label": "ZIIZ"
                },
                {
                    "coeff": {
                        "imag": 0.0,
                        "real": 2.0525084750150535
                    },
                    "label": "ZIZI"
                },
                {
                    "coeff": {
                        "imag": 0.0,
                        "real": -5.551115123125783e-17
                    },
                    "label": "ZIZZ"
                },
                {
                    "coeff": {
                        "imag": 0.0,
                        "real": 1.73738172527763
                    },
                    "label": "ZZII"
                },
                {
                    "coeff": {
                        "imag": 0.0,
                        "real": 1.1102230246251565e-16
                    },
                    "label": "ZZIZ"
                },
                {
                    "coeff": {
                        "imag": 0.0,
                        "real": 5.551115123125783e-17
                    },
                    "label": "ZZZZ"
                }
            ]
        }
    }
}