{
    "algorithm": {
        "initial_point": null,
        "name": "VQE",
        "operator_mode": "matrix"
    },
    "backend": {
        "provider": "qiskit.BasicAer",
        "name": "statevector_simulator",
        "shots": 1024,
        "skip_transpiler": false
    },
    "initial_state": {
        "name": "ZERO"
    },
    "input": {
        "aux_ops": [],
        "name": "EnergyInput",
        "qubit_op": {
            "paulis": [
                {
                    "coeff": {
                        "imag": 0.0,
                        "real": 1.0
                    },
                    "label": "ZIIIZIIIII"
                },
                {
                    "coeff": {
                        "imag": 0.0,
                        "real": 1.0
                    },
                    "label": "ZIIIIIIIZI"
                },
                {
                    "coeff": {
                        "imag": 0.0,
                        "real": 1.0
                    },
                    "label": "IZIZIIIIII"
                },
                {
                    "coeff": {
                        "imag": 0.0,
                        "real": 1.0
                    },
                    "label": "IZIIIIZIII"
                },
                {
                    "coeff": {
                        "imag": 0.0,
                        "real": 1.0
                    },
                    "label": "IZIIIIIIZI"
                },
                {
                    "coeff": {
                        "imag": 0.0,
                        "real": 1.0
                    },
                    "label": "IIZIZIIIII"
                },
                {
                    "coeff": {
                        "imag": 0.0,
                        "real": 1.0
                    },
                    "label": "IIZIIIIZII"
                },
                {
                    "coeff": {
                        "imag": 0.0,
                        "real": 1.0
                    },
                    "label": "IIZIIIIIIZ"
                },
                {
                    "coeff": {
                        "imag": 0.0,
                        "real": 1.0
                    },
                    "label": "IIIZIIIIZI"
                },
                {
                    "coeff": {
                        "imag": 0.0,
                        "real": 1.0
                    },
                    "label": "IIIZIIIIIZ"
                },
                {
                    "coeff": {
                        "imag": 0.0,
                        "real": 1.0
                    },
                    "label": "IIIIZIIZII"
                },
                {
                    "coeff": {
                        "imag": 0.0,
                        "real": 1.0
                    },
                    "label": "IIIIZIIIIZ"
                },
                {
                    "coeff": {
                        "imag": 0.0,
                        "real": 1.0
                    },
                    "label": "IIIIIZZIII"
                },
                {
                    "coeff": {
                        "imag": 0.0,
                        "real": 1.0
                    },
                    "label": "IIIIIZIZII"
                },
                {
                    "coeff": {
                        "imag": 0.0,
                        "real": 1.0
                    },
                    "label": "IIIIIZIIZI"
                },
                {
                    "coeff": {
                        "imag": 0.0,
                        "real": 1.0
                    },
                    "label": "IIIIIZIIIZ"
                },
                {
                    "coeff": {
                        "imag": 0.0,
                        "real": 1.0
                    },
                    "label": "IIIIIIZIZI"
                },
                {
                    "coeff": {
                        "imag": 0.0,
                        "real": 1.0
                    },
                    "label": "IIIIIIZIIZ"
                },
                {
                    "coeff": {
                        "imag": 0.0,
                        "real": 1.0
                    },
                    "label": "IIIIIIIZZI"
                },
                {
                    "coeff": {
                        "imag": 0.0,
                        "real": 1.0
                    },
                    "label": "IIIIIIIZIZ"
                }
            ]
        }
    },
    "optimizer": {
        "factr": 10,
        "iprint": -1,
        "maxfun": 2000,
        "name": "L_BFGS_B"
    },
    "problem": {
        "name": "ising",
        "random_seed": null
    },
    "variational_form": {
        "depth": 10,
        "entanglement": "linear",
        "entangler_map": null,
        "name": "RYRZ"
    }
}