{
    "algorithm": {
        "evo_time": 1.0,
        "expansion_mode": "trotter",
        "expansion_order": 1,
        "name": "EOH",
        "num_time_slices": 1,
        "operator_mode": "paulis",
        "paulis_grouping": "default"
    },
    "backend": {
        "provider": "qiskit.BasicAer",
        "name": "statevector_simulator",
        "shots": 1024,
        "skip_transpiler": false
    },
    "initial_state": {
        "name": "CUSTOM",
        "state": "uniform",
        "state_vector": null
    },
    "input": {
        "aux_ops": [
            {
                "paulis": [
                    {
                        "coeff": {
                            "imag": 0.0,
                            "real": 0.8865750573243677
                        },
                        "label": "II"
                    },
                    {
                        "coeff": {
                            "imag": 0.0,
                            "real": 1.108808982134621
                        },
                        "label": "IX"
                    },
                    {
                        "coeff": {
                            "imag": 0.0,
                            "real": -0.5634733737914271
                        },
                        "label": "IZ"
                    },
                    {
                        "coeff": {
                            "imag": 0.0,
                            "real": 1.4088131229219465
                        },
                        "label": "XI"
                    },
                    {
                        "coeff": {
                            "imag": 0.0,
                            "real": 1.2486085337591946
                        },
                        "label": "XX"
                    },
                    {
                        "coeff": {
                            "imag": 0.0,
                            "real": 0.181730576910776
                        },
                        "label": "XZ"
                    },
                    {
                        "coeff": {
                            "imag": 0.0,
                            "real": 0.16195675719802205
                        },
                        "label": "YY"
                    },
                    {
                        "coeff": {
                            "imag": 0.0,
                            "real": -0.3521466647736731
                        },
                        "label": "ZI"
                    },
                    {
                        "coeff": {
                            "imag": 0.0,
                            "real": 0.06909366562262453
                        },
                        "label": "ZX"
                    },
                    {
                        "coeff": {
                            "imag": 0.0,
                            "real": 0.18281182134937574
                        },
                        "label": "ZZ"
                    }
                ]
            }
        ],
        "name": "EnergyInput",
        "qubit_op": {
            "paulis": [
                {
                    "coeff": {
                        "imag": 0.0,
                        "real": 0.6699207536870306
                    },
                    "label": "II"
                },
                {
                    "coeff": {
                        "imag": 0.0,
                        "real": 1.3382056420617583
                    },
                    "label": "IX"
                },
                {
                    "coeff": {
                        "imag": 0.0,
                        "real": 0.1443453401502533
                    },
                    "label": "IZ"
                },
                {
                    "coeff": {
                        "imag": 0.0,
                        "real": 1.0179044706440195
                    },
                    "label": "XI"
                },
                {
                    "coeff": {
                        "imag": 0.0,
                        "real": 1.096204162049995
                    },
                    "label": "XX"
                },
                {
                    "coeff": {
                        "imag": 0.0,
                        "real": -0.11262824607272115
                    },
                    "label": "XZ"
                },
                {
                    "coeff": {
                        "imag": 0.0,
                        "real": -0.24502156599400005
                    },
                    "label": "YY"
                },
                {
                    "coeff": {
                        "imag": 0.0,
                        "real": -0.167904995422768
                    },
                    "label": "ZI"
                },
                {
                    "coeff": {
                        "imag": 0.0,
                        "real": -0.5298923764051112
                    },
                    "label": "ZX"
                },
                {
                    "coeff": {
                        "imag": 0.0,
                        "real": 0.2914076683196472
                    },
                    "label": "ZZ"
                }
            ]
        }
    },
    "problem": {
        "name": "eoh",
        "random_seed": null
    }
}